node1,value,node2
A,2.55721,B
c,3.5262,D
A,2.5252,D
A,6.15272,C
B,8.15652,C
